{"node 10": {"4/18/2017 17:31": [0, 0, 0]}, "node 8": {"4/18/2017 17:31": [0, 0, 0]}, "node 9": {"4/18/2017 17:31": [0, 0, 0]}, "node 6": {"4/18/2017 17:31": [56.400476217758936, 59.3009551230396, 0, 100329.39108481663, 0, "S", 0, "", "No Reading"]}, "node 7": {"4/18/2017 17:31": [75.08, 62.69, 0]}}