{"node 2": {"4/16/2017 13:33": [73.94, 48.67, 0]}, "node 3": {"4/16/2017 13:33": [0, 0, 0]}, "node 1": {"4/16/2017 13:33": [55.6891990953708, 43.28535350360336, 0, 100147.51725586649, 0, "E", 65431, "", "No Reading"]}, "node 4": {"4/16/2017 13:33": [0, 0, 0]}, "node 5": {"4/16/2017 13:33": [0, 0, 0]}}